id,label
155.jpg,
198.png,
i - 846.jpeg,
i - 905.jpeg,
i - 621.jpeg,
i - 1501.jpeg,
113.jpg,
i - 878.jpeg,
82.jpg,
i - 1233.jpeg,
i - 162.jpeg,
i - 305.jpeg,
278.jpg,
111.jpg,
i - 541.jpeg,
i - 1135 20.26.47.jpeg,
i - 74.jpeg,
i - 1318.jpeg,
i - 1313.jpeg,
i - 416.jpeg,
i - 1093.jpeg,
i - 1183.jpeg,
i - 1005.jpeg,
i - 1037.jpeg,
5791_mainfoto_05.jpg,
4428_mainfoto_05.jpg,
i - 134.jpeg,
307.jpg,
i - 1059.jpeg,
26.jpg,
18.jpg,
351 18.59.45.jpg,
7.jpg,
4587_mainfoto_05.jpg,
i - 782.jpeg,
i - 283.jpeg,
i - 620.jpeg,
i - 1406.jpeg,
i - 286.jpeg,
i - 551.jpeg,
312.jpg,
i - 253.jpeg,
i - 811.jpeg,
i - 452.jpeg,
i - 236.jpeg,
i - 128.jpeg,
i - 1502.jpeg,
i - 456.jpeg,
i - 859.jpeg,
i - 1500.jpeg,
379.jpg,
i - 581.jpeg,
i (80).jpeg,
i - 1326.jpeg,
i - 445.jpeg,
2.jpg,
i - 79.jpeg,
i - 755.jpeg,
i - 281.jpeg,
i - 1282.jpeg,
i - 316.jpeg,
i - 1371.jpeg,
4589_mainfoto_05.jpg,
i - 109.jpeg,
i - 1259.jpeg,
66.jpg,
i - 179.jpeg,
i - 729.jpeg,
97.jpg,
249.jpg,
i - 762.jpeg,
241.jpg,
i - 195.jpeg,
27.jpg,
i - 1387.jpeg,
i - 995.jpeg,
i - 1232.jpeg,
i - 1478.jpeg,
199.jpg,
i - 1001.jpeg,
i - 669.jpeg,
288.jpeg,
i - 443.jpeg,
i - 1128.jpeg,
i - 194.jpeg,
292.jpg,
i - 937.jpeg,
i - 482.jpeg,
i - 1124.jpeg,
335.jpg,
i - 1285.jpeg,
i - 1214.jpeg,
5403_mainfoto_05.jpg,
i - 371.jpeg,
i - 1243.jpeg,
i - 1258 20.26.47.jpeg,
5452_mainfoto_05.jpg,
i - 148.jpeg,
i - 1362.jpeg,
i - 1279.jpeg,
i - 702.jpeg,
i - 241.jpeg,
396.jpg,
i - 1389.jpeg,
44.jpg,
i - 591.jpeg,
146 18.59.45.jpg,
i - 1388.jpeg,
i - 1208.jpeg,
i - 110.jpeg,
i - 608.jpeg,
i - 651.jpeg,
i - 901.jpeg,
i - 1302.jpeg,
i - 178.jpeg,
251.jpg,
i - 1401.jpeg,
372.png,
i - 349.jpeg,
i - 163.jpeg,
i - 603.jpeg,
i - 44.jpeg,
i - 773.jpeg,
i - 1045.jpeg,
i - 312.jpeg,
i - 1242.jpeg,
i - 95.jpeg,
4427_mainfoto_05.jpg,
i - 322.jpeg,
i - 1134.jpeg,
i - 1301.jpeg,
i - 296.jpeg,
377.jpg,
i - 370.jpeg,
i - 836.jpeg,
i - 229.jpeg,
i - 1440.jpeg,
i - 1317.jpeg,
56.png,
i - 812.jpeg,
i - 679.jpeg,
i - 610.jpeg,
i - 650.jpeg,
4429_mainfoto_05.jpg,
i - 1154.jpeg,
i - 1100.jpeg,
215.jpg,
i - 1272.jpeg,
i - 1361.jpeg,
294.jpg,
i - 688.jpeg,
i - 1072.jpeg,
375.jpg,
i - 1385.jpeg,
i - 589.jpeg,
i - 29.jpeg,
i - 916.jpeg,
136.jpg,
i - 332.jpeg,
i - 975.jpeg,
i - 45.jpeg,
i - 290.jpeg,
i - 943.jpeg,
i - 869.jpeg,
i - 512.jpeg,
i - 1499.jpeg,
i - 427.jpeg,
i - 432.jpeg,
290.jpg,
302.jpg,
337.jpg,
i - 964.jpeg,
i - 158.jpeg,
i - 1060.jpeg,
i - 1287.jpeg,
i - 1029.jpeg,
i - 692.jpeg,
224.png,
i - 1336.jpeg,
i - 120.jpeg,
i - 17.jpeg,
i - 623.jpeg,
i - 1073.jpeg,
i - 240.jpeg,
i - 1176.jpeg,
i - 827.jpeg,
101.jpg,
i - 1230.jpeg,
i - 693.jpeg,
i - 1305.jpeg,
i - 1289.jpeg,
1064.jpg,
1856.jpg,
2024.jpg,
2264.jpg,
1305.jpg,
1154.jpg,
0814.jpg,
0313.jpg,
1442.jpg,
0564.jpg,
0940.jpg,
0352.jpg,
2017.jpg,
1335.jpg,
2313.jpg,
2311.jpg,
1319.jpg,
1182.jpg,
2217.jpg,
2094.jpg,
1664.jpg,
0793.jpg,
0811.jpg,
1886.jpg,
1456.jpg,
0842.jpg,
1327.jpg,
2222.jpg,
2358.jpg,
2056.jpg,
0279.jpg,
0861.jpg,
1236.jpg,
1260.jpg,
0240.jpg,
0041.jpg,
1117.jpg,
1368.jpg,
0291.jpg,
0310.jpg,
1165.jpg,
0783.jpg,
1662.jpg,
2352.jpg,
1478.jpg,
2265.jpg,
0855.jpg,
2331.jpg,
1694.jpg,
1322.jpg,
1472.jpg,
2263.jpg,
0838.jpg,
1714.jpg,
0372.jpg,
2356.jpg,
0017.jpg,
2261.jpg,
1210.jpg,
0283.jpg,
2306.jpg,
1802.jpg,
1116.jpg,
1129.jpg,
1909.jpg,
1264.jpg,
0332.jpg,
2001.jpg,
0451.jpg,
1448.jpg,
0113.jpg,
1282.jpg,
1831.jpg,
0136.jpg,
1276.jpg,
0145.jpg,
0284.jpg,
1027.jpg,
0380.jpg,
0098.jpg,
1879.jpg,
1937.jpg,
1771.jpg,
0454.jpg,
0897.jpg,
0307.jpg,
2014.jpg,
1510.jpg,
0870.jpg,
0659.jpg,
0612.jpg,
0009.jpg,
0769.jpg,
0623.jpg,
0749.jpg,
0358.jpg,
1598.jpg,
1504.jpg,
1023.jpg,
1844.jpg,
0835.jpg,
1852.jpg,
2276.jpg,
0813.jpg,
2128.jpg,
1821.jpg,
1739.jpg,
0385.jpg,
1637.jpg,
0422.jpg,
0547.jpg,
2072.jpg,
0999.jpg,
0177.jpg,
2112.jpg,
0006.jpg,
0561.jpg,
0221.jpg,
1677.jpg,
0732.jpg,
1069.jpg,
1647.jpg,
1869.jpg,
0435.jpg,
1554.jpg,
1367.jpg,
0088.jpg,
2245.jpg,
2030.jpg,
0827.jpg,
1292.jpg,
0738.jpg,
1067.jpg,
1826.jpg,
0577.jpg,
1993.jpg,
1766.jpg,
2157.jpg,
1155.jpg,
1159.jpg,
1859.jpg,
1009.jpg,
0012.jpg,
1103.jpg,
0137.jpg,
1016.jpg,
1394.jpg,
0453.jpg,
1761.jpg,
0765.jpg,
1056.jpg,
2233.jpg,
1223.jpg,
1877.jpg,
1434.jpg,
1735.jpg,
0124.jpg,
0445.jpg,
1369.jpg,
1620.jpg,
0632.jpg,
0899.jpg,
0572.jpg,
1804.jpg,
2351.jpg,
2064.jpg,
1522.jpg,
1923.jpg,
0289.jpg,
0480.jpg,
2364.jpg,
0280.jpg,
0985.jpg,
1055.jpg,
1711.jpg,
0845.jpg,
0977.jpg,
1222.jpg,
0712.jpg,
1389.jpg,
1215.jpg,
0602.jpg,
1898.jpg,
0496.jpg,
0511.jpg,
1126.jpg,
1805.jpg,
0565.jpg,
2070.jpg,
1607.jpg,
1641.jpg,
0123.jpg,
0039.jpg,
0782.jpg,
0635.jpg,
0348.jpg,
0479.jpg,
2203.jpg,
0080.jpg,
2337.jpg,
1676.jpg,
0944.jpg,
0474.jpg,
2087.jpg,
1213.jpg,
2042.jpg,
0201.jpg,
0808.jpg,
1682.jpg,
1351.jpg,
2095.jpg,
1939.jpg,
2235.jpg,
1746.jpg,
0340.jpg,
2294.jpg,
1926.jpg,
1037.jpg,
1753.jpg,
0789.jpg,
0968.jpg,
0367.jpg,
0373.jpg,
1355.jpg,
1560.jpg,
2130.jpg,
0208.jpg,
0245.jpg,
i - 204.jpeg,
517.png,
i - 1073 20.26.19.jpeg,
629.jpg,
i - 830.jpeg,
i - 1123.jpeg,
600.jpg,
521.jpg,
547.jpeg,
i - 557.jpeg,
111.png,
i - 319.jpeg,
i - 645.jpeg,
503.jpg,
329.jpg,
i - 160.jpeg,
i - 894.jpeg,
i - 63.jpeg,
i - 325.jpeg,
i - 1131.jpeg,
744.jpg,
i - 900.jpeg,
258.jpg,
i - 385.jpeg,
i - 353.jpeg,
i - 902.jpeg,
i - 779.jpeg,
i - 1539.jpeg,
i - 618.jpeg,
i - 416.jpeg,
i - 647.jpeg,
275.jpg,
i - 366 20.26.19.jpeg,
i - 86.jpeg,
i - 920.jpeg,
699.jpg,
i - 909.jpeg,
269.jpg,
i - 374.jpeg,
146 18.59.20.jpg,
366.jpg,
i - 912.jpeg,
1656_mainfoto_05.jpg,
i - 626.jpeg,
347.jpg,
236.jpg,
i - 1014.jpeg,
i - 1088.jpeg,
i - 1015.jpeg,
i - 1503.jpeg,
i - 26.jpeg,
i - 1446.jpeg,
210.jpg,
i - 814.jpeg,
i - 283.jpeg,
i - 719.jpeg,
i - 1417.jpeg,
402.jpg,
i - 85.jpeg,
i - 1360.jpeg,
i - 845.jpeg,
i - 1434.jpeg,
i - 670.jpeg,
i - 452.jpeg,
i - 832.jpeg,
i - 1163.jpeg,
2683_mainfoto_05.jpg,
1836_mainfoto_05.jpg,
i - 475.jpeg,
i - 1492.jpeg,
i - 115.jpeg,
i - 383.jpeg,
i - 357.jpeg,
i - 1480.jpeg,
i - 1555.jpeg,
i - 1326.jpeg,
i - 122.jpeg,
456.jpg,
i - 552.jpeg,
i - 1343.jpeg,
i - 494.jpeg,
i - 454.jpeg,
i - 1004.jpeg,
i - 522.jpeg,
i - 276.jpeg,
i - 1448.jpeg,
i - 864.jpeg,
i - 663.jpeg,
592.jpg,
i - 1012.jpeg,
2641_mainfoto_05.jpg,
i - 772.jpeg,
i - 574.jpeg,
i - 1078.jpeg,
602.jpg,
i - 969.jpeg,
i - 742.jpeg,
i - 669.jpeg,
3148_mainfoto_05.jpg,
327.jpg,
i - 945.jpeg,
i - 795.jpeg,
491.jpg,
i - 1115.jpeg,
i - 637.jpeg,
i - 819.jpeg,
i - 1398.jpeg,
i - 27.jpeg,
i - 983.jpeg,
i - 1444.jpeg,
132.jpg,
i - 730.jpeg,
i - 189.jpeg,
i - 1065.jpeg,
i - 1535.jpeg,
i - 371.jpeg,
349.jpg,
i - 815.jpeg,
i - 73.jpeg,
606.jpg,
i - 3.jpeg,
i - 428.jpeg,
6917_mainfoto_05.jpg,
i - 1462.jpeg,
i - 1241.jpeg,
i - 420.jpeg,
577.jpg,
i - 807.jpeg,
i - 313.jpeg,
i - 866.jpeg,
616.jpg,
737.jpg,
396.jpg,
i - 534 20.26.19.jpeg,
451.jpg,
i - 768.jpeg,
i - 392.jpeg,
i - 1263.jpeg,
i - 896 20.26.19.jpeg,
i - 264.jpeg,
i - 911.jpeg,
i - 1460.jpeg,
i - 379.jpeg,
i - 778 20.26.19.jpeg,
i - 1157.jpeg,
i - 639.jpeg,
301.jpg,
i - 751.jpeg,
i - 1058.jpeg,
171.jpg,
595.jpg,
i - 1402.jpeg,
i - 1242.jpeg,
717.jpg,
i - 1022.jpeg,
i - 790.jpeg,
i - 813.jpeg,
i - 835.jpeg,
i - 1481.jpeg,
i - 913.jpeg,
356.jpg,
i - 322.jpeg,
i - 564.jpeg,
i - 518.jpeg,
i - 799.jpeg,
i - 1134.jpeg,
i - 50.jpeg,
i - 886.jpeg,
367.jpg,
i - 891.jpeg,
i - 1053.jpeg,
i - 1353.jpeg,
i - 1317.jpeg,
i - 476.jpeg,
719.jpg,
126.jpeg,
350 18.59.20.jpg,
330.jpg,
i - 408.jpeg,
197.jpg,
i - 1100.jpeg,
i - 150.jpeg,
i - 206.jpeg,
i - 1415.jpeg,
i - 98.jpeg,
i - 16.jpeg,
i - 22.jpeg,
i - 767.jpeg,
i - 1168.jpeg,
i - 290.jpeg,
i - 660.jpeg,
i - 297.jpeg,
i - 1170.jpeg,
i - 395.jpeg,
i - 1295.jpeg,
652.jpg,
i - 1296.jpeg,
439.jpg,
i - 998.jpeg,
2669_mainfoto_05.jpg,
i - 1250.jpeg,
i - 1009.jpeg,
337.jpg,
272.jpg,
i - 1325.jpeg,
i - 810.jpeg,
i - 1087.jpeg,
i - 78.jpeg,
i - 549.jpeg,
i - 1220.jpeg,
i - 802.jpeg,
i - 562.jpeg,
i - 1287.jpeg,
i - 1475.jpeg,
i - 503.jpeg,
i - 1469.jpeg,
i - 630.jpeg,
i - 132.jpeg,
i - 1234.jpeg,
i - 464.jpeg,
i - 17.jpeg,
i - 1051.jpeg,
i - 578.jpeg,
9.jpg,
i - 827.jpeg,
i - 1091.jpeg,
i - 776.jpeg,
i - 787.jpeg,
i - 560.jpeg,
i - 331.jpeg,
i - 1077.jpeg,
i - 314.jpeg,
i - 96.jpeg,
i - 162.jpeg,
i - 63.jpeg,
143.jpg,
139.jpg,
1684_mainfoto_05.jpg,
i - 2.jpeg,
198.jpg,
i - 89.jpeg,
305.jpg,
i - 369.jpeg,
71.jpg,
160.jpg,
347.jpg,
267.jpg,
i - 283.jpeg,
312.jpg,
216.jpg,
i - 450.jpeg,
286.jpg,
i - 400.jpeg,
i - 446.jpeg,
10.jpg,
233.jpg,
i - 358.jpeg,
i - 79.jpeg,
i - 281.jpeg,
i - 553.jpeg,
i - 228.jpeg,
i - 109.jpeg,
i - 402.jpeg,
i - 458.jpeg,
i - 421.jpeg,
i - 58.jpeg,
i - 396.jpeg,
i - 426.jpeg,
i - 143.jpeg,
i - 288.jpeg,
i - 429.jpeg,
i - 415.jpeg,
i - 221.jpeg,
i - 587.jpeg,
i - 401.jpeg,
171.jpg,
30.jpg,
i - 564.jpeg,
i - 586.jpeg,
203.jpg,
187.jpg,
107.jpg,
i - 6.jpeg,
330.jpg,
i - 75.jpeg,
280.jpg,
i - 141.jpeg,
i - 513.jpeg,
i - 441.jpeg,
i - 355.jpeg,
i - 12.jpeg,
i - 60.jpeg,
i - 159.jpeg,
i - 348.jpeg,
i - 29.jpeg,
136.jpg,
i - 226.jpeg,
i - 191.jpeg,
i - 185.jpeg,
265.jpg,
i - 187.jpeg,
i - 465.jpeg,
i - 462.jpeg,
i - 69.jpeg,
i - 186.jpeg,
25.jpg,
i - 321.jpeg,
i - 61.jpeg,
i - 461.jpeg,
i - 40.jpeg,
i - 121.jpeg,
167.jpg,
i - 4.jpeg,
98.jpg,
i - 258.jpeg,
i - 480.jpeg,
i - 211.jpeg,
i - 537.jpeg,
i - 960.jpeg,
i - 1129.jpeg,
i - 1159.jpeg,
i - 1201.jpeg,
i - 1185 20.25.37.jpeg,
i - 1131.jpeg,
i - 484.jpeg,
i - 496.jpeg,
i - 627.jpeg,
download (22).jpeg,
i - 259.jpeg,
i - 959.jpeg,
i - 953.jpeg,
i - 536.jpeg,
i - 912.jpeg,
i - 1174.jpeg,
i - 262.jpeg,
i - 89.jpeg,
i - 434.jpeg,
i - 157.jpeg,
i - 326.jpeg,
i - 403.jpeg,
i - 1092.jpeg,
images (48).jpeg,
i - 1098.jpeg,
i - 852.jpeg,
i - 781.jpeg,
i - 46.jpeg,
i - 556.jpeg,
i - 884.jpeg,
images (56).jpeg,
i - 144.jpeg,
i - 357.jpeg,
i - 358.jpeg,
i - 1086.jpeg,
i - 602.jpeg,
i - 410.jpeg,
i - 454.jpeg,
i - 109.jpeg,
i - 179.jpeg,
i - 676.jpeg,
i - 981.jpeg,
i - 801.jpeg,
i - 435.jpeg,
images (21).jpeg,
i - 421.jpeg,
i - 995.jpeg,
images (4).jpeg,
i - 426.jpeg,
i - 746.jpeg,
i - 442.jpeg,
i - 558.jpeg,
i - 481.jpeg,
i - 699.jpeg,
i - 190.jpeg,
i - 505.jpeg,
images (38).jpeg,
i - 471.jpeg,
i - 148.jpeg,
i - 272.jpeg,
i - 41.jpeg,
i - 807.jpeg,
images (73).jpeg,
i - 1143.jpeg,
2202_mainfoto_05.jpg,
i - 1190.jpeg,
i - 901.jpeg,
i - 163.jpeg,
i - 751.jpeg,
i - 572.jpeg,
i - 308.jpeg,
i - 563.jpeg,
i - 813.jpeg,
images (45).jpeg,
3429_mainfoto_05.jpg,
i - 757.jpeg,
3460_mainfoto_05.jpg,
i - 447.jpeg,
i - 994.jpeg,
i - 680.jpeg,
i - 1083.jpeg,
i - 268.jpeg,
2328_mainfoto_05.jpg,
images (64).jpeg,
i - 1139.jpeg,
i - 1053.jpeg,
images (2).jpeg,
i - 893.jpeg,
i - 477.jpeg,
i - 131.jpeg,
images (47).jpeg,
i - 513.jpeg,
i - 1100.jpeg,
i - 653.jpeg,
i - 1192.jpeg,
i - 515.jpeg,
i - 1072.jpeg,
i - 789.jpeg,
i - 767.jpeg,
i - 114.jpeg,
i - 1200.jpeg,
i - 324.jpeg,
i - 1204.jpeg,
i - 869.jpeg,
i - 185.jpeg,
3399_mainfoto_05.jpg,
images (9).jpeg,
i - 137.jpeg,
i - 957.jpeg,
i - 462.jpeg,
download (30).jpeg,
i - 545.jpeg,
i - 1063.jpeg,
i - 1155.jpeg,
i - 623.jpeg,
i - 1034.jpeg,
i - 1051.jpeg,
i - 1091.jpeg,
images (40).jpeg,
